Common Name,ISO 3166-1 2 Letter Code,,,,
Afghanistan,AF,,AD,42.5,1.5
Albania,AL,,AE,24,54
Algeria,DZ,,AF,33,65
Andorra,AD,,AG,17.05,-61.8
Angola,AO,,AI,18.25,-63.1667
Antigua and Barbuda,AG,,AL,41,20
Argentina,AR,,AM,40,45
Armenia,AM,,AN,12.25,-68.75
Australia,AU,,AO,-12.5,18.5
Austria,AT,,AP,35,105
Azerbaijan,AZ,,AQ,-90,0
"Bahamas, The",BS,,AR,-34,-64
Bahrain,BH,,AS,-14.3333,-170
Bangladesh,BD,,AT,47.3333,13.3333
Barbados,BB,,AU,-27,133
Belarus,BY,,AW,12.5,-69.9667
Belgium,BE,,AZ,40.5,47.5
Belize,BZ,,BA,44,18
Benin,BJ,,BB,13.1667,-59.5333
Bhutan,BT,,BD,24,90
Bolivia,BO,,BE,50.8333,4
Bosnia and Herzegovina,BA,,BF,13,-2
Botswana,BW,,BG,43,25
Brazil,BR,,BH,26,50.55
Brunei,BN,,BI,-3.5,30
Bulgaria,BG,,BJ,9.5,2.25
Burkina Faso,BF,,BM,32.3333,-64.75
Burundi,BI,,BN,4.5,114.6667
Cambodia,KH,,BO,-17,-65
Cameroon,CM,,BR,-10,-55
Canada,CA,,BS,24.25,-76
Cape Verde,CV,,BT,27.5,90.5
Central African Republic,CF,,BV,-54.4333,3.4
Chad,TD,,BW,-22,24
Chile,CL,,BY,53,28
"China, People's Republic of",CN,,BZ,17.25,-88.75
Colombia,CO,,CA,60,-95
Comoros,KM,,CC,-12.5,96.8333
"Congo, (Congo  Kinshasa)",CD,,CD,0,25
"Congo, (Congo  Brazzaville)",CG,,CF,7,21
Costa Rica,CR,,CG,-1,15
Cote d'Ivoire (Ivory Coast),CI,,CH,47,8
Croatia,HR,,CI,8,-5
Cuba,CU,,CK,-21.2333,-159.7667
Cyprus,CY,,CL,-30,-71
Czech Republic,CZ,,CM,6,12
Denmark,DK,,CN,35,105
Djibouti,DJ,,CO,4,-72
Dominica,DM,,CR,10,-84
Dominican Republic,DO,,CU,21.5,-80
Ecuador,EC,,CV,16,-24
Egypt,EG,,CX,-10.5,105.6667
El Salvador,SV,,CY,35,33
Equatorial Guinea,GQ,,CZ,49.75,15.5
Eritrea,ER,,DE,51,9
Estonia,EE,,DJ,11.5,43
Ethiopia,ET,,DK,56,10
Fiji,FJ,,DM,15.4167,-61.3333
Finland,FI,,DO,19,-70.6667
France,FR,,DZ,28,3
Gabon,GA,,EC,-2,-77.5
"Gambia, The",GM,,EE,59,26
Georgia,GE,,EG,27,30
Germany,DE,,EH,24.5,-13
Ghana,GH,,ER,15,39
Greece,GR,,ES,40,-4
Grenada,GD,,ET,8,38
Guatemala,GT,,EU,47,8
Guinea,GN,,FI,64,26
Guinea-Bissau,GW,,FJ,-18,175
Guyana,GY,,FK,-51.75,-59
Haiti,HT,,FM,6.9167,158.25
Honduras,HN,,FO,62,-7
Hungary,HU,,FR,46,2
Iceland,IS,,GA,-1,11.75
India,IN,,GB,54,-2
Indonesia,ID,,GD,12.1167,-61.6667
Iran,IR,,GE,42,43.5
Iraq,IQ,,GF,4,-53
Ireland,IE,,GH,8,-2
Israel,IL,,GI,36.1833,-5.3667
Italy,IT,,GL,72,-40
Jamaica,JM,,GM,13.4667,-16.5667
Japan,JP,,GN,11,-10
Jordan,JO,,GP,16.25,-61.5833
Kazakhstan,KZ,,GQ,2,10
Kenya,KE,,GR,39,22
Kiribati,KI,,GS,-54.5,-37
"Korea, North",KP,,GT,15.5,-90.25
"Korea, South",KR,,GU,13.4667,144.7833
Kuwait,KW,,GW,12,-15
Kyrgyzstan,KG,,GY,5,-59
Laos,LA,,HK,22.25,114.1667
Latvia,LV,,HM,-53.1,72.5167
Lebanon,LB,,HN,15,-86.5
Lesotho,LS,,HR,45.1667,15.5
Liberia,LR,,HT,19,-72.4167
Libya,LY,,HU,47,20
Liechtenstein,LI,,ID,-5,120
Lithuania,LT,,IE,53,-8
Luxembourg,LU,,IL,31.5,34.75
Macedonia,MK,,IN,20,77
Madagascar,MG,,IO,-6,71.5
Malawi,MW,,IQ,33,44
Malaysia,MY,,IR,32,53
Maldives,MV,,IS,65,-18
Mali,ML,,IT,42.8333,12.8333
Malta,MT,,JM,18.25,-77.5
Marshall Islands,MH,,JO,31,36
Mauritania,MR,,JP,36,138
Mauritius,MU,,KE,1,38
Mexico,MX,,KG,41,75
Micronesia,FM,,KH,13,105
Moldova,MD,,KI,1.4167,173
Monaco,MC,,KM,-12.1667,44.25
Mongolia,MN,,KN,17.3333,-62.75
Montenegro,ME,,KP,40,127
Morocco,MA,,KR,37,127.5
Mozambique,MZ,,KW,29.3375,47.6581
Myanmar (Burma),MM,,KY,19.5,-80.5
Namibia,NA,,KZ,48,68
Nauru,NR,,LA,18,105
Nepal,NP,,LB,33.8333,35.8333
Netherlands,NL,,LC,13.8833,-61.1333
New Zealand,NZ,,LI,47.1667,9.5333
Nicaragua,NI,,LK,7,81
Niger,NE,,LR,6.5,-9.5
Nigeria,NG,,LS,-29.5,28.5
Norway,NO,,LT,56,24
Oman,OM,,LU,49.75,6.1667
Pakistan,PK,,LV,57,25
Palau,PW,,LY,25,17
Panama,PA,,MA,32,-5
Papua New Guinea,PG,,MC,43.7333,7.4
Paraguay,PY,,MD,47,29
Peru,PE,,ME,42,19
Philippines,PH,,MG,-20,47
Poland,PL,,MH,9,168
Portugal,PT,,MK,41.8333,22
Qatar,QA,,ML,17,-4
Romania,RO,,MM,22,98
Russia,RU,,MN,46,105
Rwanda,RW,,MO,22.1667,113.55
Saint Kitts and Nevis,KN,,MP,15.2,145.75
Saint Lucia,LC,,MQ,14.6667,-61
Saint Vincent and the Grenadines,VC,,MR,20,-12
Samoa,WS,,MS,16.75,-62.2
San Marino,SM,,MT,35.8333,14.5833
Sao Tome and Principe,ST,,MU,-20.2833,57.55
Saudi Arabia,SA,,MV,3.25,73
Senegal,SN,,MW,-13.5,34
Serbia,RS,,MX,23,-102
Seychelles,SC,,MY,2.5,112.5
Sierra Leone,SL,,MZ,-18.25,35
Singapore,SG,,NA,-22,17
Slovakia,SK,,NC,-21.5,165.5
Slovenia,SI,,NE,16,8
Solomon Islands,SB,,NF,-29.0333,167.95
Somalia,SO,,NG,10,8
South Africa,ZA,,NI,13,-85
Spain,ES,,NL,52.5,5.75
Sri Lanka,LK,,NO,62,10
Sudan,SD,,NP,28,84
Suriname,SR,,NR,-0.5333,166.9167
Swaziland,SZ,,NU,-19.0333,-169.8667
Sweden,SE,,NZ,-41,174
Switzerland,CH,,OM,21,57
Syria,SY,,PA,9,-80
Tajikistan,TJ,,PE,-10,-76
Tanzania,TZ,,PF,-15,-140
Thailand,TH,,PG,-6,147
Timor-Leste (East Timor),TL,,PH,13,122
Togo,TG,,PK,30,70
Tonga,TO,,PL,52,20
Trinidad and Tobago,TT,,PM,46.8333,-56.3333
Tunisia,TN,,PR,18.25,-66.5
Turkey,TR,,PS,32,35.25
Turkmenistan,TM,,PT,39.5,-8
Tuvalu,TV,,PW,7.5,134.5
Uganda,UG,,PY,-23,-58
Ukraine,UA,,QA,25.5,51.25
United Arab Emirates,AE,,RE,-21.1,55.6
United Kingdom,GB,,RO,46,25
United States,US,,RS,44,21
Uruguay,UY,,RU,60,100
Uzbekistan,UZ,,RW,-2,30
Vanuatu,VU,,SA,25,45
Vatican City,VA,,SB,-8,159
Venezuela,VE,,SC,-4.5833,55.6667
Vietnam,VN,,SD,15,30
Yemen,YE,,SE,62,15
Zambia,ZM,,SG,1.3667,103.8
Zimbabwe,ZW,,SH,-15.9333,-5.7
Abkhazia,GE,,SI,46,15
"China, Republic of (Taiwan)",TW,,SJ,78,20
Nagorno-Karabakh,AZ,,SK,48.6667,19.5
Northern Cyprus,CY,,SL,8.5,-11.5
Pridnestrovie (Transnistria),MD,,SM,43.7667,12.4167
Somaliland,SO,,SN,14,-14
South Ossetia,GE,,SO,10,49
Ashmore and Cartier Islands,AU,,SR,4,-56
Christmas Island,CX,,ST,1,7
Cocos (Keeling) Islands,CC,,SV,13.8333,-88.9167
Coral Sea Islands,AU,,SY,35,38
Heard Island and McDonald Islands,HM,,SZ,-26.5,31.5
Norfolk Island,NF,,TC,21.75,-71.5833
New Caledonia,NC,,TD,15,19
French Polynesia,PF,,TF,-43,67
Mayotte,YT,,TG,8,1.1667
Saint Barthelemy,GP,,TH,15,100
Saint Martin,GP,,TJ,39,71
Saint Pierre and Miquelon,PM,,TK,-9,-172
Wallis and Futuna,WF,,TM,40,60
French Southern and Antarctic Lands,TF,,TN,34,9
Clipperton Island,PF,,TO,-20,-175
Bouvet Island,BV,,TR,39,35
Cook Islands,CK,,TT,11,-61
Niue,NU,,TV,-8,178
Tokelau,TK,,TW,23.5,121
Guernsey,GG,,TZ,-6,35
Isle of Man,IM,,UA,49,32
Jersey,JE,,UG,1,32
Anguilla,AI,,UM,19.2833,166.6
Bermuda,BM,,US,38,-97
British Indian Ocean Territory,IO,,UY,-33,-56
British Sovereign Base Areas,,,UZ,41,64
British Virgin Islands,VG,,VA,41.9,12.45
Cayman Islands,KY,,VC,13.25,-61.2
Falkland Islands (Islas Malvinas),FK,,VE,8,-66
Gibraltar,GI,,VG,18.5,-64.5
Montserrat,MS,,VI,18.3333,-64.8333
Pitcairn Islands,PN,,VN,16,106
Saint Helena,SH,,VU,-16,167
South Georgia & South Sandwich Islands,GS,,WF,-13.3,-176.2
Turks and Caicos Islands,TC,,WS,-13.5833,-172.3333
Northern Mariana Islands,MP,,YE,15,48
Puerto Rico,PR,,YT,-12.8333,45.1667
American Samoa,AS,,ZA,-29,24
Baker Island,UM,,ZM,-15,30
Guam,GU,,ZW,-20,30
Howland Island,UM,,,,
Jarvis Island,UM,,,,
Johnston Atoll,UM,,,,
Kingman Reef,UM,,,,
Midway Islands,UM,,,,
Navassa Island,UM,,,,
Palmyra Atoll,UM,,,,
U.S. Virgin Islands,VI,,,,
Wake Island,UM,,,,
Hong Kong,HK,,,,
Macau,MO,,,,
Faroe Islands,FO,,,,
Greenland,GL,,,,
French Guiana,GF,,,,
Guadeloupe,GP,,,,
Martinique,MQ,,,,
Reunion,RE,,,,
Aland,AX,,,,
Aruba,AW,,,,
Netherlands Antilles,AN,,,,
Svalbard,SJ,,,,
Ascension,AC,,,,
Tristan da Cunha,TA,,,,
Australian Antarctic Territory,AQ,,,,
Ross Dependency,AQ,,,,
Peter I Island,AQ,,,,
Queen Maud Land,AQ,,,,
British Antarctic Territory,AQ,,,,
